[
  {
    "account": "0x00B4b4c7199abe7062e9De54ed121aF33E617EE0",
    "balance_eth": "999.72255391230951"
  },
  {
    "account": "0xEC332099A2CbFABf67A310C55213C801CC12a726",
    "balance_eth": "1000.25"
  },
  {
    "account": "0xC3055315065be40A4E93FDf28E758e8c20f517b1",
    "balance_eth": "1002"
  },
  {
    "account": "0x53f4E07BAD7F5DC65B4E1b16323c0e37573aF2EF",
    "balance_eth": "1000"
  },
  {
    "account": "0x6cD93A451a18B2766654810DfF4df71bA228fC95",
    "balance_eth": "997.999947061279088"
  },
  {
    "account": "0x178184fC89c3A2F73ab400Ecb3FF5F00eD0dBE27",
    "balance_eth": "1000"
  },
  {
    "account": "0x671eD1da27eb93D7175404364E892d8c5524D190",
    "balance_eth": "1000"
  },
  {
    "account": "0x68A49C4af46aC751f7eD37fB694e8a470aC505C1",
    "balance_eth": "1000"
  },
  {
    "account": "0x58CF8275A638216D93CdFcb66E61CcE4bFa3759e",
    "balance_eth": "1000"
  },
  {
    "account": "0x2862bF27d00eef0cdF6F6f141187B954F4Aa3f02",
    "balance_eth": "1000"
  }
]