[
  {
    "blockNumber": "0",
    "timestamp": "6/15/2025, 11:14:59 AM",
    "txCount": 0
  },
  {
    "blockNumber": "1",
    "timestamp": "6/15/2025, 11:15:29 AM",
    "txCount": 0
  },
  {
    "blockNumber": "2",
    "timestamp": "6/15/2025, 11:15:59 AM",
    "txCount": 0
  },
  {
    "blockNumber": "3",
    "timestamp": "6/15/2025, 11:16:29 AM",
    "txCount": 0
  },
  {
    "blockNumber": "4",
    "timestamp": "6/15/2025, 11:16:59 AM",
    "txCount": 0
  },
  {
    "blockNumber": "5",
    "timestamp": "6/15/2025, 11:17:29 AM",
    "txCount": 0
  },
  {
    "blockNumber": "6",
    "timestamp": "6/15/2025, 11:17:59 AM",
    "txCount": 0
  },
  {
    "blockNumber": "7",
    "timestamp": "6/15/2025, 11:18:29 AM",
    "txCount": 10
  },
  {
    "blockNumber": "8",
    "timestamp": "6/15/2025, 11:18:59 AM",
    "txCount": 0
  },
  {
    "blockNumber": "9",
    "timestamp": "6/15/2025, 11:19:29 AM",
    "txCount": 0
  },
  {
    "blockNumber": "10",
    "timestamp": "6/15/2025, 11:19:59 AM",
    "txCount": 0
  },
  {
    "blockNumber": "11",
    "timestamp": "6/15/2025, 11:20:29 AM",
    "txCount": 10
  },
  {
    "blockNumber": "12",
    "timestamp": "6/15/2025, 11:20:59 AM",
    "txCount": 0
  },
  {
    "blockNumber": "13",
    "timestamp": "6/15/2025, 11:21:29 AM",
    "txCount": 0
  },
  {
    "blockNumber": "14",
    "timestamp": "6/15/2025, 11:21:59 AM",
    "txCount": 0
  },
  {
    "blockNumber": "15",
    "timestamp": "6/15/2025, 11:22:29 AM",
    "txCount": 0
  },
  {
    "blockNumber": "16",
    "timestamp": "6/15/2025, 11:22:59 AM",
    "txCount": 0
  },
  {
    "blockNumber": "17",
    "timestamp": "6/15/2025, 11:23:29 AM",
    "txCount": 0
  },
  {
    "blockNumber": "18",
    "timestamp": "6/15/2025, 11:23:59 AM",
    "txCount": 0
  },
  {
    "blockNumber": "19",
    "timestamp": "6/15/2025, 11:24:29 AM",
    "txCount": 0
  },
  {
    "blockNumber": "20",
    "timestamp": "6/15/2025, 11:24:59 AM",
    "txCount": 0
  },
  {
    "blockNumber": "21",
    "timestamp": "6/15/2025, 11:25:29 AM",
    "txCount": 0
  },
  {
    "blockNumber": "22",
    "timestamp": "6/15/2025, 11:25:59 AM",
    "txCount": 0
  },
  {
    "blockNumber": "23",
    "timestamp": "6/15/2025, 11:26:29 AM",
    "txCount": 0
  },
  {
    "blockNumber": "24",
    "timestamp": "6/15/2025, 11:26:59 AM",
    "txCount": 0
  },
  {
    "blockNumber": "25",
    "timestamp": "6/15/2025, 11:27:29 AM",
    "txCount": 0
  },
  {
    "blockNumber": "26",
    "timestamp": "6/15/2025, 11:27:59 AM",
    "txCount": 0
  },
  {
    "blockNumber": "27",
    "timestamp": "6/15/2025, 11:28:29 AM",
    "txCount": 0
  },
  {
    "blockNumber": "28",
    "timestamp": "6/15/2025, 11:28:59 AM",
    "txCount": 0
  },
  {
    "blockNumber": "29",
    "timestamp": "6/15/2025, 11:29:29 AM",
    "txCount": 1
  },
  {
    "blockNumber": "30",
    "timestamp": "6/15/2025, 11:29:59 AM",
    "txCount": 0
  },
  {
    "blockNumber": "31",
    "timestamp": "6/15/2025, 11:30:29 AM",
    "txCount": 0
  },
  {
    "blockNumber": "32",
    "timestamp": "6/15/2025, 11:30:59 AM",
    "txCount": 0
  },
  {
    "blockNumber": "33",
    "timestamp": "6/15/2025, 11:31:29 AM",
    "txCount": 0
  },
  {
    "blockNumber": "34",
    "timestamp": "6/15/2025, 11:31:59 AM",
    "txCount": 0
  },
  {
    "blockNumber": "35",
    "timestamp": "6/15/2025, 11:32:29 AM",
    "txCount": 0
  },
  {
    "blockNumber": "36",
    "timestamp": "6/15/2025, 11:32:59 AM",
    "txCount": 0
  },
  {
    "blockNumber": "37",
    "timestamp": "6/15/2025, 11:33:29 AM",
    "txCount": 0
  },
  {
    "blockNumber": "38",
    "timestamp": "6/15/2025, 11:33:59 AM",
    "txCount": 0
  },
  {
    "blockNumber": "39",
    "timestamp": "6/15/2025, 11:34:29 AM",
    "txCount": 0
  },
  {
    "blockNumber": "40",
    "timestamp": "6/15/2025, 11:34:59 AM",
    "txCount": 0
  },
  {
    "blockNumber": "41",
    "timestamp": "6/15/2025, 11:35:29 AM",
    "txCount": 0
  },
  {
    "blockNumber": "42",
    "timestamp": "6/15/2025, 11:35:59 AM",
    "txCount": 0
  },
  {
    "blockNumber": "43",
    "timestamp": "6/15/2025, 11:36:29 AM",
    "txCount": 0
  },
  {
    "blockNumber": "44",
    "timestamp": "6/15/2025, 11:36:59 AM",
    "txCount": 0
  },
  {
    "blockNumber": "45",
    "timestamp": "6/15/2025, 11:37:29 AM",
    "txCount": 0
  },
  {
    "blockNumber": "46",
    "timestamp": "6/15/2025, 11:37:59 AM",
    "txCount": 0
  },
  {
    "blockNumber": "47",
    "timestamp": "6/15/2025, 11:38:29 AM",
    "txCount": 0
  },
  {
    "blockNumber": "48",
    "timestamp": "6/15/2025, 11:38:59 AM",
    "txCount": 0
  },
  {
    "blockNumber": "49",
    "timestamp": "6/15/2025, 11:39:29 AM",
    "txCount": 500
  },
  {
    "blockNumber": "50",
    "timestamp": "6/15/2025, 11:40:01 AM",
    "txCount": 0
  },
  {
    "blockNumber": "51",
    "timestamp": "6/15/2025, 11:40:31 AM",
    "txCount": 0
  },
  {
    "blockNumber": "52",
    "timestamp": "6/15/2025, 11:41:01 AM",
    "txCount": 0
  },
  {
    "blockNumber": "53",
    "timestamp": "6/15/2025, 11:41:31 AM",
    "txCount": 0
  },
  {
    "blockNumber": "54",
    "timestamp": "6/15/2025, 11:42:01 AM",
    "txCount": 0
  },
  {
    "blockNumber": "55",
    "timestamp": "6/15/2025, 11:42:31 AM",
    "txCount": 0
  },
  {
    "blockNumber": "56",
    "timestamp": "6/15/2025, 11:43:01 AM",
    "txCount": 0
  },
  {
    "blockNumber": "57",
    "timestamp": "6/15/2025, 11:43:31 AM",
    "txCount": 0
  },
  {
    "blockNumber": "58",
    "timestamp": "6/15/2025, 11:44:01 AM",
    "txCount": 0
  },
  {
    "blockNumber": "59",
    "timestamp": "6/15/2025, 11:44:31 AM",
    "txCount": 0
  },
  {
    "blockNumber": "60",
    "timestamp": "6/15/2025, 11:45:01 AM",
    "txCount": 0
  },
  {
    "blockNumber": "61",
    "timestamp": "6/15/2025, 11:45:31 AM",
    "txCount": 0
  },
  {
    "blockNumber": "62",
    "timestamp": "6/15/2025, 11:46:01 AM",
    "txCount": 0
  },
  {
    "blockNumber": "63",
    "timestamp": "6/15/2025, 11:46:31 AM",
    "txCount": 0
  },
  {
    "blockNumber": "64",
    "timestamp": "6/15/2025, 11:47:01 AM",
    "txCount": 0
  },
  {
    "blockNumber": "65",
    "timestamp": "6/15/2025, 11:47:31 AM",
    "txCount": 0
  },
  {
    "blockNumber": "66",
    "timestamp": "6/15/2025, 11:48:01 AM",
    "txCount": 0
  },
  {
    "blockNumber": "67",
    "timestamp": "6/15/2025, 11:48:31 AM",
    "txCount": 0
  },
  {
    "blockNumber": "68",
    "timestamp": "6/15/2025, 11:49:01 AM",
    "txCount": 0
  },
  {
    "blockNumber": "69",
    "timestamp": "6/15/2025, 11:49:31 AM",
    "txCount": 0
  },
  {
    "blockNumber": "70",
    "timestamp": "6/15/2025, 11:50:01 AM",
    "txCount": 0
  },
  {
    "blockNumber": "71",
    "timestamp": "6/15/2025, 11:50:31 AM",
    "txCount": 0
  },
  {
    "blockNumber": "72",
    "timestamp": "6/15/2025, 11:51:01 AM",
    "txCount": 0
  },
  {
    "blockNumber": "73",
    "timestamp": "6/15/2025, 11:51:31 AM",
    "txCount": 0
  },
  {
    "blockNumber": "74",
    "timestamp": "6/15/2025, 11:52:01 AM",
    "txCount": 0
  },
  {
    "blockNumber": "75",
    "timestamp": "6/15/2025, 11:52:31 AM",
    "txCount": 0
  },
  {
    "blockNumber": "76",
    "timestamp": "6/15/2025, 11:53:01 AM",
    "txCount": 0
  },
  {
    "blockNumber": "77",
    "timestamp": "6/15/2025, 11:53:31 AM",
    "txCount": 0
  },
  {
    "blockNumber": "78",
    "timestamp": "6/15/2025, 11:54:01 AM",
    "txCount": 0
  },
  {
    "blockNumber": "79",
    "timestamp": "6/15/2025, 11:54:31 AM",
    "txCount": 0
  },
  {
    "blockNumber": "80",
    "timestamp": "6/15/2025, 11:55:01 AM",
    "txCount": 0
  },
  {
    "blockNumber": "81",
    "timestamp": "6/15/2025, 11:55:31 AM",
    "txCount": 0
  },
  {
    "blockNumber": "82",
    "timestamp": "6/15/2025, 11:56:01 AM",
    "txCount": 0
  },
  {
    "blockNumber": "83",
    "timestamp": "6/15/2025, 11:56:31 AM",
    "txCount": 0
  },
  {
    "blockNumber": "84",
    "timestamp": "6/15/2025, 11:57:01 AM",
    "txCount": 0
  },
  {
    "blockNumber": "85",
    "timestamp": "6/15/2025, 11:57:31 AM",
    "txCount": 0
  },
  {
    "blockNumber": "86",
    "timestamp": "6/15/2025, 11:58:01 AM",
    "txCount": 0
  },
  {
    "blockNumber": "87",
    "timestamp": "6/15/2025, 11:58:31 AM",
    "txCount": 0
  },
  {
    "blockNumber": "88",
    "timestamp": "6/15/2025, 11:59:01 AM",
    "txCount": 0
  },
  {
    "blockNumber": "89",
    "timestamp": "6/15/2025, 11:59:31 AM",
    "txCount": 0
  },
  {
    "blockNumber": "90",
    "timestamp": "6/15/2025, 12:00:01 PM",
    "txCount": 0
  },
  {
    "blockNumber": "91",
    "timestamp": "6/15/2025, 12:00:31 PM",
    "txCount": 0
  },
  {
    "blockNumber": "92",
    "timestamp": "6/15/2025, 12:01:01 PM",
    "txCount": 0
  },
  {
    "blockNumber": "93",
    "timestamp": "6/15/2025, 12:01:31 PM",
    "txCount": 0
  },
  {
    "blockNumber": "94",
    "timestamp": "6/15/2025, 12:02:01 PM",
    "txCount": 0
  },
  {
    "blockNumber": "95",
    "timestamp": "6/15/2025, 12:02:31 PM",
    "txCount": 0
  },
  {
    "blockNumber": "96",
    "timestamp": "6/15/2025, 12:03:01 PM",
    "txCount": 0
  },
  {
    "blockNumber": "97",
    "timestamp": "6/15/2025, 12:03:31 PM",
    "txCount": 0
  },
  {
    "blockNumber": "98",
    "timestamp": "6/15/2025, 12:04:01 PM",
    "txCount": 0
  },
  {
    "blockNumber": "99",
    "timestamp": "6/15/2025, 12:04:31 PM",
    "txCount": 0
  },
  {
    "blockNumber": "100",
    "timestamp": "6/15/2025, 12:05:01 PM",
    "txCount": 0
  },
  {
    "blockNumber": "101",
    "timestamp": "6/15/2025, 12:05:31 PM",
    "txCount": 0
  },
  {
    "blockNumber": "102",
    "timestamp": "6/15/2025, 12:06:01 PM",
    "txCount": 0
  },
  {
    "blockNumber": "103",
    "timestamp": "6/15/2025, 12:06:31 PM",
    "txCount": 0
  },
  {
    "blockNumber": "104",
    "timestamp": "6/15/2025, 12:07:01 PM",
    "txCount": 0
  },
  {
    "blockNumber": "105",
    "timestamp": "6/15/2025, 12:07:31 PM",
    "txCount": 0
  },
  {
    "blockNumber": "106",
    "timestamp": "6/15/2025, 12:08:01 PM",
    "txCount": 0
  },
  {
    "blockNumber": "107",
    "timestamp": "6/15/2025, 12:08:31 PM",
    "txCount": 0
  },
  {
    "blockNumber": "108",
    "timestamp": "6/15/2025, 12:09:01 PM",
    "txCount": 0
  },
  {
    "blockNumber": "109",
    "timestamp": "6/15/2025, 12:09:31 PM",
    "txCount": 0
  },
  {
    "blockNumber": "110",
    "timestamp": "6/15/2025, 12:10:01 PM",
    "txCount": 0
  },
  {
    "blockNumber": "111",
    "timestamp": "6/15/2025, 12:10:31 PM",
    "txCount": 0
  }
]